Date,Open,High,Low,Close,Adj Close,Volume
1983-09-01,0.0,1.125,1.0833333730697632,1.0833333730697632,0.23308295011520386,18000.0
1983-10-01,0.0,1.0902777910232544,0.7291666865348816,0.8472222089767456,0.18228289484977722,1317600.0
1983-11-01,0.0,1.0625,0.7986111044883728,0.9444444179534912,0.2032005488872528,838000.0
1983-12-01,0.0,1.0416666269302368,0.8888888955116272,0.9722222089767456,0.20917709171772003,669200.0
1984-01-01,0.0,1.0277777910232544,0.8819444179534912,0.9375,0.20170645415782928,1035600.0
1984-02-01,0.0,0.9513888955116272,0.7569444179534912,0.7708333134651184,0.1658475697040558,656400.0
1984-03-01,0.0,0.9305555820465088,0.7430555820465088,0.8819444179534912,0.1897534281015396,899600.0
1984-04-01,0.0,0.9236111044883728,0.7777777910232544,0.8888888955116272,0.19124753773212433,558800.0
1984-05-01,0.0,0.9375,0.7361111044883728,0.75,0.16136512160301208,427600.0
1984-06-01,0.0,0.8055555820465088,0.5972222089767456,0.6041666865348816,0.12998859584331512,1146400.0
1984-07-01,0.0,0.6527777910232544,0.5416666865348816,0.5555555820465088,0.11952979117631912,875200.0
1984-08-01,0.0,0.7361111044883728,0.5625,0.6666666865348816,0.1434357613325119,1802800.0
1984-09-01,1.3472199440002441,1.513890027999878,0.6527777910232544,1.5,0.32273024320602417,1188800.0
1984-10-01,0.75,0.7569444179534912,0.6597222089767456,0.6736111044883728,0.14492984116077423,926800.0
1984-11-01,0.6736111044883728,0.7708333134651184,0.5555555820465088,0.7291666865348816,0.1568828523159027,818400.0
1984-12-01,0.7222222089767456,0.7222222089767456,0.6319444179534912,0.6319444179534912,0.13596509397029877,520000.0
1985-01-01,0.6388888955116272,0.9027777910232544,0.6388888955116272,0.8819444179534912,0.1897534281015396,1757200.0
1985-01-25,,,,,,
1985-02-01,0.8819444179534912,0.8958333134651184,0.8541666865348816,0.8888888955116272,0.22221410274505615,680400.0
1985-03-01,0.8888888955116272,0.8888888955116272,0.7361111044883728,0.8680555820465088,0.21700610220432281,1038400.0
1985-04-01,0.8819444179534912,0.9375,0.8333333134651184,0.9027777910232544,0.22568635642528534,1654000.0
1985-04-24,,,,,,
1985-05-01,0.9027777910232544,1.0138888359069824,0.9027777910232544,0.9513888955116272,0.28523096442222595,952000.0
1985-06-01,0.9444444179534912,0.9722222089767456,0.9166666865348816,0.9722222089767456,0.29147663712501526,462400.0
1985-07-01,0.9722222089767456,1.0416666269302368,0.9444444179534912,0.9583333134651184,0.28731268644332886,1710400.0
1985-07-25,,,,,,
1985-08-01,0.9583333134651184,1.0069444179534912,0.9444444179534912,1.0069444179534912,0.35516083240509033,979200.0
1985-09-01,1.0138888359069824,1.0347222089767456,0.9652777910232544,0.9930555820465088,0.35026198625564575,1188000.0
1985-10-01,1.0,1.1111111640930176,1.0,1.0763888359069824,0.3796546161174774,1823200.0
1985-10-25,,,,,,
1985-11-01,1.0763888359069824,1.2777777910232544,1.0694444179534912,1.2777777910232544,0.5512111783027649,1308400.0
1985-12-01,1.2777777910232544,1.4027777910232544,1.2569444179534912,1.3125,0.5661893486976624,1400000.0
1986-01-01,1.3263888359069824,1.5833333730697632,1.2638888359069824,1.5625,0.6740349531173706,2001200.0
1986-01-27,,,,,,
1986-02-01,1.5486111640930176,1.6388888359069824,1.4652777910232544,1.6319444179534912,0.7094491720199585,1217600.0
1986-03-01,1.6319444179534912,1.6458333730697632,1.5277777910232544,1.5694444179534912,0.6822783946990967,16092400.0
1986-04-01,1.5694444179534912,1.6041666269302368,1.3611111640930176,1.4930555820465088,0.6490705609321594,4932000.0
1986-04-24,,,,,,
1986-05-01,1.4930555820465088,1.5763888359069824,1.3611111640930176,1.5069444179534912,0.6597787141799927,2884800.0
1986-06-01,1.5069444179534912,1.5347222089767456,1.3194444179534912,1.4166666269302368,0.6202527284622192,3002000.0
1986-07-01,1.4166666269302368,1.4305555820465088,1.2361111640930176,1.3333333730697632,0.5837675333023071,6497200.0
1986-07-25,,,,,,
1986-08-01,1.3333333730697632,1.3541666269302368,1.2222222089767456,1.2916666269302368,0.57025146484375,2512000.0
1986-09-01,1.2777777910232544,1.2777777910232544,1.0902777910232544,1.2083333730697632,0.5334609746932983,4622000.0
1986-10-01,1.2152777910232544,1.2430555820465088,1.1388888359069824,1.1944444179534912,0.5273293852806091,1852000.0
1986-10-27,,,,,,
1986-11-01,1.1875,1.1875,1.0625,1.0972222089767456,0.4887758791446686,3426000.0
1986-12-01,1.0972222089767456,1.2152777910232544,1.0902777910232544,1.1388888359069824,0.5073369741439819,3584800.0
1987-01-01,1.1736111640930176,1.3888888359069824,1.1736111640930176,1.3194444179534912,0.5877684354782104,2825600.0
1987-01-26,,,,,,
1987-02-01,1.3125,1.375,1.2777777910232544,1.375,0.6178020238876343,1679200.0
1987-03-01,1.3888888359069824,1.5277777910232544,1.3888888359069824,1.4166666269302368,0.6365232467651367,3206400.0
1987-04-01,1.4027777910232544,1.4305555820465088,1.1388888359069824,1.1527777910232544,0.5179551839828491,2445200.0
1987-04-24,,,,,,
1987-05-01,1.1527777910232544,1.25,1.1388888359069824,1.1597222089767456,0.5255963206291199,2816800.0
1987-06-01,1.1597222089767456,1.2291666269302368,1.1458333730697632,1.2291666269302368,0.5570688843727112,6517200.0
1987-07-01,1.2291666269302368,1.2777777910232544,1.1875,1.2777777910232544,0.5791002511978149,2638000.0
1987-07-27,,,,,,
1987-08-01,1.2777777910232544,1.2986111640930176,1.25,1.2777777910232544,0.5843522548675537,1391200.0
1987-09-01,1.2708333730697632,1.2708333730697632,1.2222222089767456,1.2361111640930176,0.5652970671653748,1486800.0
1987-10-01,1.2361111640930176,1.25,0.6805555820465088,0.8194444179534912,0.37474745512008667,3479200.0
1987-10-26,,,,,,
1987-11-01,0.8402777910232544,0.9166666865348816,0.6180555820465088,0.625,0.28985679149627686,2718400.0
1987-12-01,0.625,0.6944444179534912,0.5486111044883728,0.6736111044883728,0.3124012351036072,4186000.0
1988-01-01,0.6736111044883728,0.7291666865348816,0.6666666865348816,0.7083333134651184,0.32850438356399536,1454000.0
1988-01-25,,,,,,
1988-02-01,0.7152777910232544,0.7847222089767456,0.7152777910232544,0.7847222089767456,0.36973023414611816,1084800.0
1988-03-01,0.7847222089767456,0.9166666865348816,0.7847222089767456,0.8472222089767456,0.3991778790950775,676800.0
1988-04-01,0.8472222089767456,0.8680555820465088,0.7847222089767456,0.7916666865348816,0.37300246953964233,552400.0
1988-04-25,,,,,,
1988-05-01,0.7986111044883728,0.8055555820465088,0.7847222089767456,0.7916666865348816,0.3782185912132263,466000.0
1988-06-01,0.7986111044883728,0.8888888955116272,0.7986111044883728,0.875,0.41803115606307983,406400.0
1988-07-01,0.8888888955116272,0.9166666865348816,0.8611111044883728,0.9097222089767456,0.4346197545528412,1052800.0
1988-07-25,,,,,,
1988-08-01,0.9097222089767456,0.9375,0.9097222089767456,0.9166666865348816,0.44339385628700256,402400.0
1988-09-01,0.9236111044883728,0.9513888955116272,0.9166666865348816,0.9375,0.45347097516059875,1292800.0
1988-10-01,0.9375,0.9375,0.8611111044883728,0.8819444179534912,0.4265986680984497,1758000.0
1988-10-25,,,,,,
1988-11-01,0.8819444179534912,0.9027777910232544,0.8819444179534912,0.9027777910232544,0.44220277667045593,1688400.0
1988-12-01,0.9027777910232544,0.9097222089767456,0.8541666865348816,0.8541666865348816,0.4183920621871948,1457600.0
1989-01-01,0.8611111044883728,0.9791666865348816,0.8194444179534912,0.9791666865348816,0.47961997985839844,1501200.0
1989-01-25,,,,,,
1989-02-01,0.9791666865348816,1.0277777910232544,0.9652777910232544,0.9791666865348816,0.48541542887687683,629600.0
1989-03-01,0.9791666865348816,1.0138888359069824,0.9722222089767456,1.0138888359069824,0.5026289224624634,530400.0
1989-04-01,1.0138888359069824,1.0208333730697632,0.9930555820465088,1.0,0.4957437217235565,1305600.0
1989-04-24,,,,,,
1989-05-01,0.9930555820465088,0.9930555820465088,0.9375,0.9444444179534912,0.47338932752609253,2468400.0
1989-06-01,0.9583333134651184,0.9583333134651184,0.9375,0.9444444179534912,0.47338932752609253,513200.0
1989-07-01,0.9444444179534912,0.9791666865348816,0.9236111044883728,0.9375,0.46990880370140076,641200.0
1989-07-25,,,,,,
1989-08-01,0.9305555820465088,0.9305555820465088,0.8472222089767456,0.9166666865348816,0.4649356007575989,4504000.0
1989-09-01,0.9166666865348816,0.9513888955116272,0.8958333134651184,0.9027777910232544,0.45789089798927307,1049600.0
1989-10-01,0.9027777910232544,0.9027777910232544,0.8194444179534912,0.8194444179534912,0.4156240224838257,3086800.0
1989-10-25,,,,,,
1989-11-01,0.8333333134651184,0.8333333134651184,0.7777777910232544,0.7777777910232544,0.3997763395309448,1513200.0
1989-12-01,0.7777777910232544,0.7916666865348816,0.6944444179534912,0.7222222089767456,0.37122100591659546,4056800.0
1990-01-01,0.7222222089767456,0.7291666865348816,0.6666666865348816,0.6666666865348816,0.34266576170921326,1106800.0
1990-01-25,,,,,,
1990-02-01,0.6666666865348816,0.6736111044883728,0.6458333134651184,0.6666666865348816,0.3483525812625885,773200.0
1990-03-01,0.6666666865348816,0.8819444179534912,0.6597222089767456,0.875,0.45721256732940674,906400.0
1990-04-01,0.8680555820465088,0.9236111044883728,0.8194444179534912,0.8888888955116272,0.4644697904586792,1078800.0
1990-04-24,,,,,,
1990-05-01,0.8888888955116272,0.9375,0.8611111044883728,0.9305555820465088,0.4923005700111389,723200.0
1990-06-01,0.9305555820465088,0.9305555820465088,0.9166666865348816,0.9236111044883728,0.4886265695095062,776000.0
1990-07-01,0.9166666865348816,1.1111111640930176,0.9166666865348816,1.0138888359069824,0.5363867282867432,1137600.0
1990-07-25,,,,,,
1990-08-01,1.0069444179534912,1.0069444179534912,0.7638888955116272,0.8333333134651184,0.4455556273460388,2287600.0
1990-09-01,0.8333333134651184,0.875,0.7777777910232544,0.7777777910232544,0.4158518612384796,166400.0
1990-10-01,0.7847222089767456,0.8680555820465088,0.75,0.8194444179534912,0.4381295144557953,1866000.0
1990-10-25,,,,,,
1990-11-01,0.8055555820465088,0.8611111044883728,0.7916666865348816,0.8333333134651184,0.451332151889801,315200.0
1990-12-01,0.8333333134651184,0.8958333134651184,0.8333333134651184,0.8541666865348816,0.46261540055274963,556800.0
1991-01-01,0.8541666865348816,0.9444444179534912,0.8263888955116272,0.9444444179534912,0.5115099549293518,595200.0
1991-01-25,,,,,,
1991-02-01,0.9444444179534912,1.125,0.9444444179534912,1.0486111640930176,0.5750024318695068,1553200.0
1991-03-01,1.0486111640930176,1.0694444179534912,0.9236111044883728,0.9305555820465088,0.5102673172950745,978800.0
1991-04-01,0.9305555820465088,1.0555555820465088,0.9166666865348816,1.0555555820465088,0.5788103342056274,2385600.0
1991-04-24,,,,,,
1991-05-01,1.0555555820465088,1.1736111640930176,1.0555555820465088,1.1388888359069824,0.6313303112983704,2474000.0
1991-06-01,1.1527777910232544,1.2083333730697632,1.0902777910232544,1.0902777910232544,0.6043835282325745,843200.0
1991-07-01,1.0902777910232544,1.0902777910232544,1.0,1.0208333730697632,0.5658876299858093,342800.0
1991-07-25,,,,,,
1991-08-01,1.0208333730697632,1.0208333730697632,0.9583333134651184,1.0,0.5603966116905212,886000.0
1991-09-01,0.9930555820465088,0.9930555820465088,0.9513888955116272,0.9583333134651184,0.5370468497276306,583600.0
1991-10-01,0.9513888955116272,1.0069444179534912,0.9166666865348816,1.0069444179534912,0.5642884969711304,941600.0
1991-10-25,,,,,,
1991-11-01,1.0069444179534912,1.0486111640930176,0.9722222089767456,0.9722222089767456,0.5509512424468994,847600.0
1991-12-01,0.9583333134651184,1.0,0.9375,1.0,0.5666924715042114,2410800.0
1992-01-01,1.0,1.1319444179534912,0.9930555820465088,1.1111111640930176,0.6296582221984863,6230000.0
1992-01-27,,,,,,
1992-02-01,1.1111111640930176,1.3472222089767456,1.1111111640930176,1.2361111640930176,0.707525908946991,6634400.0
1992-03-01,1.2361111640930176,1.4444444179534912,1.2361111640930176,1.4375,0.822796642780304,9826400.0
1992-04-01,1.4305555820465088,1.7777777910232544,1.4305555820465088,1.7083333730697632,0.977816641330719,31608800.0
1992-04-24,,,,,,
1992-05-01,1.7083333730697632,1.7916666269302368,1.6736111640930176,1.7638888359069824,1.0160150527954102,9914400.0
1992-06-01,1.7638888359069824,1.9583333730697632,1.7638888359069824,1.875,1.0800162553787231,10196800.0
1992-07-01,1.875,2.0138888359069824,1.7152777910232544,1.8333333730697632,1.0560156106948853,11024400.0
1992-07-27,,,,,,
1992-08-01,1.8541666269302368,1.8819444179534912,1.75,1.8611111640930176,1.0786527395248413,4481600.0
1992-09-01,1.875,1.9166666269302368,1.5,1.5,0.8693616986274719,6134000.0
1992-10-01,1.5,1.7430555820465088,1.3263888359069824,1.6944444179534912,0.9820566773414612,4815600.0
1992-10-26,,,,,,
1992-11-01,1.7013888359069824,1.9027777910232544,1.5416666269302368,1.8472222089767456,1.0777277946472168,4056400.0
1992-12-01,1.8333333730697632,2.125,1.8263888359069824,2.125,1.2397927045822144,4916800.0
1993-01-01,2.1111111640930176,2.1111111640930176,1.9305555820465088,2.090277671813965,1.2195345163345337,4973600.0
1993-01-25,,,,,,
1993-02-01,2.097222328186035,2.347222328186035,2.097222328186035,2.2083332538604736,1.2955338954925537,4628000.0
1993-03-01,2.2083332538604736,2.5138888359069824,2.0763888359069824,2.4375,1.429976463317871,9363200.0
1993-03-02,,,,,,
1993-04-01,2.4236111640930176,2.4375,2.055555582046509,2.2083332538604736,1.312360405921936,5709600.0
1993-04-26,,,,,,
1993-05-01,2.2083332538604736,2.652777671813965,2.2013888359069824,2.6458332538604736,1.5803323984146118,5339600.0
1993-06-01,2.659722328186035,2.9861111640930176,2.6388888359069824,2.6666667461395264,1.5927759408950806,10166000.0
1993-07-01,2.652777671813965,3.0208332538604736,2.569444417953491,3.0138888359069824,1.8001677989959717,14387200.0
1993-07-26,,,,,,
1993-08-01,3.0138888359069824,3.0486111640930176,2.805555582046509,2.9166667461395264,1.7496445178985596,7984800.0
1993-08-17,,,,,,
1993-09-01,2.930555582046509,3.3333332538604736,2.875,3.3333332538604736,1.9995943307876587,4510400.0
1993-10-01,3.3611111640930176,3.402777671813965,3.055555582046509,3.1111111640930176,1.8662868738174438,2749600.0
1993-10-25,,,,,,
1993-11-01,3.0833332538604736,3.5416667461395264,2.944444417953491,3.4861111640930176,2.0994884967803955,6596400.0
1993-12-01,3.4583332538604736,3.972222328186035,3.305555582046509,3.972222328186035,2.3922457695007324,4656800.0
1994-01-01,3.9166667461395264,4.0,3.5138888359069824,3.902777671813965,2.3504226207733154,6306800.0
1994-01-25,,,,,,
1994-02-01,3.8888888359069824,4.44444465637207,3.847222328186035,4.083333492279053,2.4672014713287354,7280800.0
1994-03-01,4.05555534362793,4.097222328186035,3.3333332538604736,3.5833332538604736,2.1650946140289307,4934400.0
1994-04-01,3.555555582046509,3.7638888359069824,3.055555582046509,3.2638888359069824,1.9720829725265503,4990800.0
1994-04-25,,,,,,
1994-05-01,3.3333332538604736,3.8333332538604736,3.0138888359069824,3.0416667461395264,1.846231460571289,4820800.0
1994-06-01,3.027777671813965,3.3611111640930176,2.777777671813965,2.8333332538604736,1.7197777032852173,9808800.0
1994-07-01,2.819444417953491,3.319444417953491,2.7916667461395264,3.1111111640930176,1.888383388519287,2684400.0
1994-07-25,,,,,,
1994-08-01,3.097222328186035,3.1666667461395264,2.75,3.055555582046509,1.8632712364196777,5870000.0
1994-09-01,3.069444417953491,3.1111111640930176,2.6388888359069824,2.777777671813965,1.6938838958740234,4792400.0
1994-10-01,2.7916667461395264,3.0138888359069824,2.625,2.7083332538604736,1.6515369415283203,2582000.0
1994-10-25,,,,,,
1994-11-01,2.722222328186035,2.847222328186035,2.5,2.5,1.5324218273162842,5410400.0
1994-12-01,2.527777671813965,2.722222328186035,2.347222328186035,2.722222328186035,1.6686378717422485,7674800.0
1995-01-01,2.722222328186035,2.7638888359069824,2.444444417953491,2.444444417953491,1.4983680248260498,6841600.0
1995-01-25,,,,,,
1995-02-01,2.444444417953491,2.5416667461395264,2.3888888359069824,2.430555582046509,1.4982755184173584,8286000.0
1995-03-01,2.430555582046509,2.5416667461395264,2.125,2.5,1.5410826206207275,12070800.0
1995-04-01,2.4861111640930176,2.7638888359069824,2.430555582046509,2.652777671813965,1.6352595090866089,5410000.0
1995-04-24,,,,,,
1995-05-01,2.555555582046509,2.7638888359069824,2.5,2.6111111640930176,1.619543433189392,6252000.0
1995-06-01,2.597222328186035,2.6666667461395264,2.444444417953491,2.6111111640930176,1.619543433189392,9111200.0
1995-07-01,2.6388888359069824,3.1666667461395264,2.625,3.027777671813965,1.8779802322387695,6680400.0
1995-07-27,,,,,,
1995-08-01,3.0416667461395264,3.180555582046509,2.7361111640930176,2.7638888359069824,1.723708152770996,6534000.0
1995-09-01,2.7638888359069824,2.930555582046509,2.75,2.875,1.7930033206939697,4741200.0
1995-10-01,2.875,2.875,2.305555582046509,2.305555582046509,1.4378668069839478,5952800.0
1995-10-27,,,,,,
1995-11-01,2.305555582046509,2.777777671813965,2.125,2.6388888359069824,1.657593846321106,16803200.0
1995-12-01,2.6111111640930176,2.625,2.222222328186035,2.305555582046509,1.4482135772705078,10594800.0
1996-01-01,2.319444417953491,2.8333332538604736,2.319444417953491,2.7916667461395264,1.7535594701766968,9365600.0
1996-01-29,,,,,,
1996-02-01,2.777777671813965,2.8333332538604736,2.652777671813965,2.694444417953491,1.7028119564056396,4544800.0
1996-03-01,2.694444417953491,2.805555582046509,2.5138888359069824,2.625,1.6589250564575195,7445200.0
1996-04-01,2.6111111640930176,2.75,2.5138888359069824,2.555555582046509,1.6150389909744263,5427600.0
1996-04-26,,,,,,
1996-05-01,2.555555582046509,3.097222328186035,2.527777671813965,2.972222328186035,1.8921970129013062,7442000.0
1996-06-01,2.9583332538604736,3.097222328186035,2.75,2.777777671813965,1.768406629562378,3850400.0
1996-07-01,2.777777671813965,2.805555582046509,2.402777671813965,2.472222328186035,1.5738836526870728,4178400.0
1996-07-29,,,,,,
1996-08-01,2.4861111640930176,2.7916667461395264,2.4166667461395264,2.694444417953491,1.7285631895065308,6423200.0
1996-09-01,2.680555582046509,2.819444417953491,2.6388888359069824,2.7638888359069824,1.7731138467788696,3539600.0
1996-10-01,2.75,3.0138888359069824,2.6666667461395264,2.9166667461395264,1.8711252212524414,5212000.0
1996-10-29,,,,,,
1996-11-01,2.930555582046509,3.319444417953491,2.8888888359069824,3.305555582046509,2.1343014240264893,5802000.0
1996-12-01,3.305555582046509,3.6666667461395264,3.069444417953491,3.319444417953491,2.1432695388793945,12220800.0
1997-01-01,3.319444417953491,3.875,3.180555582046509,3.7083332538604736,2.39436411857605,29675200.0
1997-01-29,,,,,,
1997-02-01,3.694444417953491,3.777777671813965,3.555555582046509,3.7361111640930176,2.4250335693359375,19390000.0
1997-03-01,3.722222328186035,3.9583332538604736,3.7083332538604736,3.875,2.5151827335357666,10686000.0
1997-04-01,3.875,3.930555582046509,3.7638888359069824,3.8611111640930176,2.506167411804199,11079600.0
1997-04-28,,,,,,
1997-05-01,3.847222328186035,4.166666507720947,3.8333332538604736,4.083333492279053,2.6634392738342285,8435200.0
1997-06-01,4.06944465637207,4.138888835906982,3.902777671813965,3.9513888359069824,2.5773749351501465,9342800.0
1997-07-01,3.9583332538604736,3.9861111640930176,3.777777671813965,3.9791667461395264,2.5954935550689697,8681200.0
1997-07-29,,,,,,
1997-08-01,3.9861111640930176,4.097222328186035,3.875,3.9166667461395264,2.567173957824707,3745200.0
1997-09-01,3.9166667461395264,4.416666507720947,3.881944417953491,4.402777671813965,2.8857955932617188,9952400.0
1997-10-01,4.416666507720947,4.791666507720947,4.416666507720947,4.604166507720947,3.0177953243255615,10361200.0
1997-10-29,,,,,,
1997-11-01,4.590277671813965,4.81944465637207,4.590277671813965,4.729166507720947,3.112457513809204,6436800.0
1997-12-01,4.715277671813965,4.75694465637207,4.590277671813965,4.69444465637207,3.0896060466766357,6634400.0
1998-01-01,4.708333492279053,4.833333492279053,4.479166507720947,4.666666507720947,3.0713229179382324,5030400.0
1998-01-28,,,,,,
1998-02-01,4.652777671813965,4.888888835906982,4.652777671813965,4.833333492279053,3.1937525272369385,5482800.0
1998-03-01,4.826388835906982,4.99305534362793,4.708333492279053,4.972222328186035,3.2855279445648193,5128800.0
1998-04-01,4.979166507720947,5.111111164093018,4.777777671813965,5.013888835906982,3.3130595684051514,5799600.0
1998-04-28,,,,,,
1998-05-01,5.027777671813965,5.909722328186035,5.027777671813965,5.611111164093018,3.721928834915161,10370800.0
1998-06-01,5.625,5.94444465637207,5.590277671813965,5.74305534362793,3.809448719024658,3741600.0
1998-07-01,5.770833492279053,5.979166507720947,4.5,4.590277671813965,3.0447962284088135,9764800.0
1998-07-29,,,,,,
1998-08-01,4.597222328186035,4.791666507720947,3.125,3.1458332538604736,2.095876455307007,14053600.0
1998-08-18,,,,,,
1998-09-01,3.1666667461395264,3.9166667461395264,3.1666667461395264,3.2708332538604736,2.17915678024292,5196400.0
1998-10-01,3.25,3.4270832538604736,2.6354167461395264,3.40625,2.269376754760742,7641200.0
1998-10-28,,,,,,
1998-11-01,3.4479167461395264,4.197916507720947,3.4375,4.145833492279053,2.779001474380493,3698000.0
1998-12-01,4.145833492279053,4.5,3.75,4.09375,2.744089365005493,4009200.0
1999-01-01,4.083333492279053,4.40625,3.7916667461395264,4.0,2.6812469959259033,2773200.0
1999-01-27,,,,,,
1999-02-01,3.9895832538604736,4.020833492279053,3.2916667461395264,3.5520832538604736,2.3928754329681396,3238800.0
1999-03-01,3.5416667461395264,3.5520832538604736,3.1666667461395264,3.1666667461395264,2.1332380771636963,3290400.0
1999-04-01,3.1875,4.229166507720947,3.1666667461395264,4.208333492279053,2.834960460662842,3758400.0
1999-04-28,,,,,,
1999-05-01,4.229166507720947,4.260416507720947,3.9791667461395264,4.0625,2.750617742538452,2356000.0
1999-06-01,4.0625,4.666666507720947,3.9895832538604736,4.666666507720947,3.159682273864746,3772800.0
1999-07-01,4.666666507720947,5.333333492279053,4.604166507720947,4.854166507720947,3.2866339683532715,3304400.0
1999-07-28,,,,,,
1999-08-01,4.833333492279053,4.84375,4.25,4.520833492279053,3.073133707046509,3170800.0
1999-09-01,4.520833492279053,5.072916507720947,4.520833492279053,5.041666507720947,3.427182197570801,3024800.0
1999-10-01,5.020833492279053,5.260416507720947,3.9270832538604736,4.041666507720947,2.747410535812378,3600800.0
1999-10-27,,,,,,
1999-11-01,4.083333492279053,4.25,3.5104167461395264,3.6666667461395264,2.504956007003784,2528800.0
1999-12-01,3.65625,3.7083332538604736,3.1354167461395264,3.6458332538604736,2.490722179412842,6723200.0
2000-01-01,3.6354167461395264,3.8541667461395264,3.28125,3.2916667461395264,2.248767614364624,3374400.0
2000-01-27,,,,,,
2000-02-01,3.28125,3.2916667461395264,2.78125,2.875,1.9754348993301392,4796800.0
2000-03-01,2.875,3.0208332538604736,2.4895832538604736,3.0,2.061323404312134,6321200.0
2000-04-01,3.03125,3.4791667461395264,2.96875,3.4270832538604736,2.354774236679077,4003200.0
2000-04-26,,,,,,
2000-05-01,3.4270832538604736,3.8020832538604736,3.4270832538604736,3.5,2.4200618267059326,3308400.0
2000-06-01,3.5,3.7083332538604736,3.1666667461395264,3.4869792461395264,2.4110584259033203,3382000.0
2000-07-01,3.4895832538604736,3.5625,2.59375,2.6875,1.8582621812820435,5413200.0
2000-07-27,,,,,,
2000-08-01,2.6458332538604736,2.8229167461395264,2.59375,2.625,1.8295179605484009,4023600.0
2000-09-01,2.625,2.625,1.8645833730697632,2.09375,1.4592584371566772,10157200.0
2000-10-01,2.1145832538604736,2.3645832538604736,2.0833332538604736,2.3541667461395264,1.6407579183578491,6848400.0
2000-10-27,,,,,,
2000-11-01,2.34375,2.8854167461395264,2.3333332538604736,2.7708332538604736,1.9498507976531982,4851200.0
2000-12-01,2.78125,2.8645832538604736,2.6145832538604736,2.84375,2.0011627674102783,3866400.0
2001-01-01,2.8541667461395264,2.9270832538604736,2.6458332538604736,2.816666603088379,1.9821032285690308,5043200.0
2001-01-29,,,,,,
2001-02-01,2.808333396911621,3.1666667461395264,2.7666666507720947,3.0866665840148926,2.1895554065704346,3740400.0
2001-03-01,3.0833332538604736,3.3499999046325684,2.9666666984558105,3.255000114440918,2.308964490890503,3072800.0
2001-04-01,3.251666784286499,3.255000114440918,3.0333333015441895,3.18666672706604,2.260493278503418,2746800.0
2001-04-26,,,,,,
2001-05-01,3.18666672706604,3.2166666984558105,2.741666555404663,2.808333396911621,2.0058085918426514,4116000.0
2001-06-01,2.809999942779541,3.2166666984558105,2.7333333492279053,2.9833333492279053,2.1307990550994873,7459200.0
2001-07-01,2.986666679382324,3.0833332538604736,2.7133333683013916,2.9216666221618652,2.0867538452148438,3394000.0
2001-07-27,,,,,,
2001-08-01,2.9216666221618652,2.996666669845581,2.7333333492279053,2.808333396911621,2.020177125930786,2276800.0
2001-09-01,2.808333396911621,2.9749999046325684,2.5416667461395264,2.9233334064483643,2.1029014587402344,2972800.0
2001-10-01,2.5,2.7750000953674316,2.444999933242798,2.633333444595337,1.894290804862976,4604800.0
2001-10-29,,,,,,
2001-11-01,2.6500000953674316,3.1583333015441895,2.5833332538604736,2.9800000190734863,2.1608593463897705,3422800.0
2001-12-01,2.9749999046325684,3.2916667461395264,2.8966667652130127,3.25,2.3566417694091797,2736800.0
2002-01-01,3.25,4.128333568572998,3.1666667461395264,4.128333568572998,2.993540048599243,4492800.0
2002-01-29,,,,,,
2002-02-01,4.111666679382324,4.111666679382324,3.616666555404663,3.825000047683716,2.7890238761901855,4006400.0
2002-03-01,3.825000047683716,4.75,3.803333282470703,4.241666793823242,3.0928409099578857,4897600.0
2002-04-01,4.25,5.186666488647461,4.21999979019165,5.183333396911621,3.77946138381958,5250400.0
2002-04-26,,,,,,
2002-05-01,5.099999904632568,5.375,4.788333415985107,4.9666666984558105,3.6375091075897217,21958000.0
2002-06-01,4.9633331298828125,5.201666831970215,4.300000190734863,5.201666831970215,3.809622049331665,14575600.0
2002-07-01,5.199999809265137,5.458333492279053,4.508333206176758,4.791666507720947,3.5093443393707275,18032000.0
2002-07-29,,,,,,
2002-08-01,4.791666507720947,5.166666507720947,4.545000076293945,5.074999809265137,3.734879732131958,13251200.0
2002-09-01,5.070000171661377,5.070000171661377,4.150000095367432,4.736666679382324,3.485886812210083,12138400.0
2002-10-01,4.7783331871032715,4.936666488647461,3.558333396911621,3.6600000858306885,2.693528890609741,18549600.0
2002-10-29,,,,,,
2002-11-01,3.6733334064483643,4.511666774749756,3.426666736602783,4.441666603088379,3.2870240211486816,21178000.0
2002-12-01,4.446666717529297,4.6583333015441895,4.266666889190674,4.50166654586792,3.3314268589019775,9198800.0
2003-01-01,4.559999942779541,4.888333320617676,4.025000095367432,4.331666469573975,3.2056193351745605,16195200.0
2003-01-29,,,,,,
2003-02-01,4.37333345413208,4.375,3.924999952316284,4.296666622161865,3.19759202003479,10332400.0
2003-03-01,4.329999923706055,4.566666603088379,3.950000047683716,4.4666666984558105,3.3241071701049805,10559600.0
2003-04-01,4.4666666984558105,5.061666488647461,4.37666654586792,4.96999979019165,3.6986892223358154,12155200.0
2003-04-28,,,,,,
2003-05-01,4.96999979019165,5.489999771118164,4.863333225250244,5.296666622161865,3.9602861404418945,10238400.0
2003-06-01,5.288333415985107,5.400000095367432,4.675000190734863,4.691666603088379,3.5079314708709717,12400800.0
2003-07-01,4.691666603088379,5.599999904632568,4.539999961853027,5.568333148956299,4.163410663604736,16773200.0
2003-07-29,,,,,,
2003-08-01,5.568333148956299,5.99833345413208,5.295000076293945,5.983333110809326,4.4947075843811035,11352800.0
2003-09-01,5.9666666984558105,6.079999923706055,4.553333282470703,4.668333530426025,3.5068721771240234,22658800.0
2003-10-01,4.668333530426025,5.348333358764648,4.659999847412109,5.275000095367432,3.962604284286499,21704400.0
2003-10-29,,,,,,
2003-11-01,5.308333396911621,5.973333358764648,5.291666507720947,5.856666564941406,4.4208269119262695,13538000.0
2003-12-01,5.891666889190674,6.119999885559082,5.445000171661377,5.8416666984558105,4.409505844116211,13470400.0
2004-01-01,5.816666603088379,5.9666666984558105,5.050000190734863,5.201666831970215,3.926410436630249,22094800.0
2004-01-28,,,,,,
2004-02-01,5.159999847412109,5.4083333015441895,5.074999809265137,5.183333396911621,3.931262969970703,17496400.0
2004-03-01,5.208333492279053,5.4033331871032715,4.696666717529297,4.824999809265137,3.6594855785369873,17782800.0
2004-04-01,4.833333492279053,5.363333225250244,4.583333492279053,4.983333110809326,3.779574155807495,19357200.0
2004-04-28,,,,,,
2004-05-01,4.991666793823242,5.053333282470703,4.650000095367432,4.9083333015441895,3.7406527996063232,11685600.0
2004-06-01,4.909999847412109,5.304999828338623,4.824999809265137,5.298333168029785,4.037869453430176,8679200.0
2004-07-01,5.298333168029785,5.324999809265137,4.691666603088379,4.7866668701171875,3.6479294300079346,13089600.0
2004-07-28,,,,,,
2004-08-01,4.7866668701171875,4.860000133514404,3.9233334064483643,4.070000171661377,3.1189658641815186,27694000.0
2004-09-01,4.070000171661377,4.309999942779541,3.6033332347869873,4.058333396911621,3.110025644302368,36141600.0
2004-10-01,4.0966668128967285,4.5366668701171875,4.034999847412109,4.423333168029785,3.3897359371185303,27773200.0
2004-10-27,,,,,,
2004-11-01,4.4066667556762695,5.164999961853027,4.383333206176758,5.008333206176758,3.8609821796417236,25916000.0
2004-12-01,5.010000228881836,5.073333263397217,4.726666450500488,4.989999771118164,3.8468480110168457,15136400.0
2005-01-01,4.989999771118164,5.046666622161865,4.383333206176758,4.518333435058594,3.4832348823547363,21084000.0
2005-01-27,,,,,,
2005-02-01,4.526666641235352,4.766666889190674,4.3416666984558105,4.380000114440918,3.396655797958374,11073200.0
2005-03-01,4.388333320617676,4.858333110809326,4.383333206176758,4.811666488647461,3.7314085960388184,17598400.0
2005-04-01,4.809999942779541,5.241666793823242,4.6566667556762695,4.75,3.6835873126983643,26085600.0
2005-04-27,,,,,,
2005-05-01,4.758333206176758,5.256666660308838,4.676666736602783,5.226666450500488,4.076191425323486,13824000.0
2005-06-01,5.2166666984558105,5.4666666984558105,4.349999904632568,4.451666831970215,3.4717812538146973,22868400.0
2005-07-01,4.454999923706055,4.7166666984558105,4.333333492279053,4.5,3.509477376937866,18534800.0
2005-07-27,,,,,,
2005-08-01,4.5,4.7183332443237305,4.5,4.690000057220459,3.6791722774505615,12045600.0
2005-09-01,4.691666603088379,4.764999866485596,4.141666889190674,4.75,3.7262380123138428,15358000.0
2005-10-01,4.775000095367432,5.458333492279053,4.641666889190674,5.396666526794434,4.233531951904297,43788400.0
2005-10-27,,,,,,
2005-11-01,5.394999980926514,6.114999771118164,5.291666507720947,6.066666603088379,4.7834038734436035,34768000.0
2005-12-01,6.099999904632568,6.199999809265137,5.813333511352539,5.849999904632568,4.612568378448486,30827600.0
2006-01-01,5.869999885559082,7.401666641235352,5.863333225250244,7.181666851043701,5.662552356719971,39434000.0
2006-01-27,,,,,,
2006-02-01,7.1616668701171875,7.894999980926514,6.756666660308838,7.7166666984558105,6.107320785522461,42750400.0
2006-03-01,7.741666793823242,8.90333366394043,7.710000038146973,8.800000190734863,6.964720726013184,34262400.0
2006-04-01,8.883333206176758,9.676666259765625,7.59499979019165,7.9033331871032715,6.255056858062744,47139600.0
2006-04-26,,,,,,
2006-05-01,7.909999847412109,7.909999847412109,6.766666889190674,7.324999809265137,5.8167243003845215,48377200.0
2006-06-01,7.400000095367432,7.858333110809326,6.793333530426025,7.726666450500488,6.135687351226807,41592800.0
2006-07-01,7.726666450500488,7.840000152587891,6.864999771118164,7.143333435058594,5.6724653244018555,27308000.0
2006-07-27,,,,,,
2006-08-01,7.066666603088379,7.264999866485596,6.566666603088379,6.684999942779541,5.329806327819824,23698000.0
2006-09-01,6.693333148956299,6.869999885559082,6.360000133514404,6.571666717529297,5.239451885223389,19444800.0
2006-10-01,6.571666717529297,7.316666603088379,5.824999809265137,5.860000133514404,4.672052383422852,46476000.0
2006-10-27,,,,,,
2006-11-01,5.886666774749756,6.333333492279053,5.65500020980835,5.965000152587891,4.778558254241943,33828000.0
2006-12-01,6.025000095367432,6.380000114440918,5.675000190734863,6.260000228881836,5.014883995056152,35536800.0
2007-01-01,6.291666507720947,6.789999961853027,5.916666507720947,6.391666889190674,5.120361804962158,38391600.0
2007-01-29,,,,,,
2007-02-01,6.388333320617676,6.75166654586792,6.284999847412109,6.441666603088379,5.183311939239502,28770000.0
2007-03-01,6.333333492279053,6.6616668701171875,6.184999942779541,6.369999885559082,5.125646114349365,34705600.0
2007-04-01,6.371666431427002,6.891666889190674,6.255000114440918,6.349999904632568,5.10955286026001,45876000.0
2007-04-26,,,,,,
2007-05-01,6.37666654586792,6.666666507720947,6.261666774749756,6.548333168029785,5.292490005493164,29800400.0
2007-06-01,6.585000038146973,6.883333206176758,6.461666584014893,6.648333549499512,5.373312950134277,30259200.0
2007-07-01,6.675000190734863,8.744999885559082,6.671666622161865,8.091666221618652,6.539842128753662,55961600.0
2007-07-27,,,,,,
2007-08-01,8.085000038146973,8.74666690826416,7.348333358764648,8.033333778381348,6.516989231109619,52378400.0
2007-09-01,8.02833366394043,8.354999542236328,7.21999979019165,7.313333511352539,5.932895183563232,30788400.0
2007-10-01,7.2866668701171875,7.920000076293945,6.063333511352539,6.231666564941406,5.055399417877197,53534000.0
2007-10-29,,,,,,
2007-11-01,6.116666793823242,6.193333148956299,5.348333358764648,5.898333549499512,4.808099746704102,35956800.0
2007-12-01,5.951666831970215,6.5,5.579999923706055,5.8416666984558105,4.761909008026123,23527200.0
2008-01-01,5.820000171661377,5.925000190734863,4.875,5.831666469573975,4.753756046295166,45595600.0
2008-01-29,,,,,,
2008-02-01,5.855000019073486,6.503333568572998,5.695000171661377,6.071666717529297,4.975736618041992,39384000.0
2008-03-01,6.050000190734863,6.166666507720947,5.358333110809326,5.478333473205566,4.489499568939209,49107600.0
2008-04-01,5.573333263397217,5.913333415985107,5.008333206176758,5.1566667556762695,4.225894451141357,59735600.0
2008-04-28,,,,,,
2008-05-01,5.163333415985107,6.110000133514404,5.135000228881836,6.025000095367432,4.966431617736816,37443600.0
2008-06-01,6.016666889190674,6.121666431427002,5.449999809265137,5.4716668128967285,4.510317802429199,33210400.0
2008-07-01,5.425000190734863,6.795000076293945,5.116666793823242,6.616666793823242,5.4541473388671875,47156800.0
2008-07-29,,,,,,
2008-08-01,6.616666793823242,7.273333549499512,6.431666851043701,6.861666679382324,5.685157775878906,28368400.0
2008-09-01,6.87666654586792,8.515000343322754,6.171666622161865,6.5316667556762695,5.411739826202393,38532400.0
2008-10-01,6.496666431427002,6.568333148956299,4.333333492279053,5.258333206176758,4.356732368469238,44109600.0
2008-10-29,,,,,,
2008-11-01,5.2133331298828125,5.556666851043701,3.8466665744781494,5.456666469573975,4.550891876220703,24373600.0
2008-12-01,5.28000020980835,5.513333320617676,4.2833333015441895,4.920000076293945,4.103305339813232,29288000.0
2009-01-01,4.933333396911621,5.458333492279053,4.561666488647461,4.579999923706055,3.8197455406188965,34981600.0
2009-01-28,,,,,,
2009-02-01,4.566666603088379,4.881666660308838,4.046666622161865,4.255000114440918,3.571645736694336,25637600.0
2009-03-01,4.2133331298828125,4.383333206176758,3.491666555404663,4.196666717529297,3.5226798057556152,41867200.0
2009-04-01,4.131666660308838,5.423333168029785,4.045000076293945,5.181666851043701,4.349489212036133,54441200.0
2009-04-28,,,,,,
2009-05-01,5.183333396911621,5.418333530426025,4.671666622161865,4.99833345413208,4.222387313842773,31211600.0
2009-06-01,5.056666851043701,5.525000095367432,4.9066667556762695,5.428333282470703,4.585633277893066,31464400.0
2009-07-01,5.454999923706055,6.75,5.231666564941406,6.506666660308838,5.496565818786621,44511200.0
2009-07-29,,,,,,
2009-08-01,6.561666488647461,6.9033331871032715,6.241666793823242,6.3416666984558105,5.383860111236572,31807200.0
2009-09-01,6.340000152587891,6.756666660308838,6.118333339691162,6.349999904632568,5.39093542098999,32877600.0
2009-10-01,6.348333358764648,7.571666717529297,6.111666679382324,6.605000019073486,5.607421875,47456000.0
2009-10-28,,,,,,
2009-11-01,6.628333568572998,7.291666507720947,6.451666831970215,6.986666679382324,5.959499835968018,24403200.0
2009-12-01,7.083333492279053,7.566666603088379,7.083333492279053,7.231666564941406,6.16848087310791,16210400.0
2010-01-01,7.295000076293945,7.519999980926514,7.011666774749756,7.0966668128967285,6.0533270835876465,19306400.0
2010-01-27,,,,,,
2010-02-01,7.0933332443237305,7.5883331298828125,6.848333358764648,7.550000190734863,6.469776153564453,20008400.0
2010-03-01,7.5916666984558105,8.921667098999023,7.590000152587891,8.761666297912598,7.508081912994385,36078800.0
2010-04-01,8.78833293914795,9.4399995803833,8.533333778381348,8.604999542236328,7.373831272125244,36415200.0
2010-04-28,,,,,,
2010-05-01,8.623332977294922,8.87166690826416,7.309999942779541,7.769999980926514,6.683104038238525,42294000.0
2010-06-01,7.753333568572998,8.358333587646484,7.425000190734863,8.03166675567627,6.908166885375977,59183200.0
2010-07-01,8.0,9.386666297912598,7.788333415985107,9.113333702087402,7.838528156280518,36692400.0
2010-07-28,,,,,,
2010-08-01,9.316666603088379,9.391666412353516,8.208333015441895,8.558333396911621,7.389471054077148,24960000.0
2010-09-01,8.71166706085205,9.819999694824219,8.681666374206543,9.648333549499512,8.330608367919922,27296800.0
2010-10-01,9.758333206176758,9.96833324432373,9.223333358764648,9.338333129882812,8.062942504882812,30416000.0
2010-10-27,,,,,,
2010-11-01,9.401666641235352,10.0600004196167,9.09749984741211,9.852499961853027,8.538519859313965,27429200.0
2010-11-16,,,,,,
2010-12-01,9.975000381469727,11.449999809265137,9.512499809265137,9.520000457763672,8.250362396240234,43078400.0
2011-01-01,9.602499961853027,11.005000114440918,9.395000457763672,10.702500343322754,9.275157928466797,33568800.0
2011-01-27,,,,,,
2011-02-01,10.757499694824219,10.880000114440918,9.875,10.100000381469727,8.781462669372559,25865600.0
2011-03-01,10.117500305175781,11.164999961853027,9.859999656677246,11.085000038146973,9.637871742248535,25586000.0
2011-04-01,11.102499961853027,11.204999923706055,10.197500228881836,10.992500305175781,9.557449340820312,21721600.0
2011-04-27,,,,,,
2011-05-01,11.024999618530273,11.0649995803833,9.71500015258789,10.367500305175781,9.043383598327637,23672800.0
2011-06-01,10.364999771118164,10.692500114440918,9.6875,10.574999809265137,9.224383354187012,31766000.0
2011-07-01,10.609999656677246,11.1850004196167,10.037500381469727,10.367500305175781,9.043383598327637,32813600.0
2011-07-27,,,,,,
2011-08-01,10.4975004196167,10.552499771118164,8.5,9.822500228881836,8.5997953414917,41666400.0
2011-09-01,9.864999771118164,9.96500015258789,7.985000133514404,8.007499694824219,7.010727882385254,49529600.0
2011-10-01,7.917500019073486,9.927499771118164,7.452499866485596,9.289999961853027,8.13358211517334,65016000.0
2011-10-27,,,,,,
2011-11-01,8.837499618530273,9.817500114440918,8.707500457763672,9.8149995803833,8.630559921264648,51820000.0
2011-12-01,9.8100004196167,10.260000228881836,9.375,10.029999732971191,8.819615364074707,35558000.0
2012-01-01,10.244999885559082,10.850000381469727,10.109999656677246,10.619999885559082,9.338415145874023,43367200.0
2012-01-27,,,,,,
2012-02-01,10.732500076293945,11.770000457763672,10.657500267028809,11.289999961853027,9.965782165527344,43308400.0
2012-03-01,11.342499732971191,11.579999923706055,10.805000305175781,11.237500190734863,9.91944408416748,30569200.0
2012-04-01,11.177499771118164,12.234999656677246,10.515000343322754,11.899999618530273,10.504233360290527,36898800.0
2012-04-26,,,,,,
2012-05-01,11.899999618530273,12.1875,10.8125,11.539999961853027,10.220830917358398,36754400.0
2012-06-01,11.279999732971191,12.317500114440918,10.922499656677246,12.22249984741211,10.825316429138184,36891200.0
2012-07-01,12.239999771118164,13.225000381469727,11.744999885559082,12.354999542236328,10.942667007446289,38055600.0
2012-07-27,,,,,,
2012-08-01,12.417499542236328,13.717499732971191,11.942500114440918,13.677499771118164,12.162919998168945,31332800.0
2012-09-01,13.729999542236328,14.727499961853027,13.585000038146973,14.385000228881836,12.792078971862793,33106000.0
2012-10-01,14.454999923706055,15.25,13.862500190734863,15.192500114440918,13.51015853881836,37988800.0
2012-10-29,,,,,,
2012-10-31,,,,,,
2012-11-01,15.2524995803833,15.829999923706055,14.265000343322754,15.737500190734863,14.231724739074707,32136800.0
2012-12-01,15.892499923706055,15.989999771118164,15.1225004196167,15.767499923706055,14.258856773376465,33793600.0
2013-01-01,16.102500915527344,17.737499237060547,15.5024995803833,17.31999969482422,15.662810325622559,45623200.0
2013-01-29,,,,,,
2013-02-01,17.450000762939453,18.18000030517578,17.09749984741211,17.88249969482422,16.21767807006836,21916800.0
2013-03-01,17.770000457763672,18.71500015258789,17.5,18.392499923706055,16.68020248413086,22085600.0
2013-04-01,18.415000915527344,19.094999313354492,16.672500610351562,18.857500076293945,17.101913452148438,46065600.0
2013-04-25,,,,,,
2013-05-01,18.834999084472656,20.18000030517578,18.327499389648438,19.600000381469727,17.832611083984375,28755600.0
2013-05-16,,,,,,
2013-06-01,19.625,19.735000610351562,17.55500030517578,18.139999389648438,16.504261016845703,39496400.0
2013-07-01,18.15999984741211,21.770000457763672,18.15999984741211,20.65999984741211,18.797029495239258,33170800.0
2013-07-29,,,,,,
2013-08-01,20.854999542236328,21.864999771118164,20.575000762939453,21.024999618530273,19.185348510742188,23511200.0
2013-09-01,21.28499984741211,23.045000076293945,21.1200008392334,22.600000381469727,20.622539520263672,18174200.0
2013-10-01,22.594999313354492,26.325000762939453,21.360000610351562,25.825000762939453,23.56535530090332,29080000.0
2013-10-29,,,,,,
2013-11-01,25.90999984741211,27.59000015258789,25.780000686645508,27.075000762939453,24.764680862426758,47874400.0
2013-12-01,27.084999084472656,27.329999923706055,25.829999923706055,26.969999313354492,24.668638229370117,22804200.0
2014-01-01,26.96500015258789,26.989999771118164,22.565000534057617,23.610000610351562,21.595352172851562,41854200.0
2014-02-01,23.559999465942383,24.96500015258789,22.459999084472656,24.850000381469727,22.72953987121582,27899000.0
2014-02-05,,,,,,
2014-03-01,24.565000534057617,24.915000915527344,22.280000686645508,23.010000228881836,21.11556625366211,28200600.0
2014-04-01,23.139999389648438,24.424999237060547,22.06999969482422,23.3799991607666,21.455102920532227,37392800.0
2014-04-28,,,,,,
2014-05-01,23.43000030517578,25.094999313354492,23.045000076293945,24.690000534057617,22.729543685913086,24103600.0
2014-06-01,24.700000762939453,25.584999084472656,24.329999923706055,24.790000915527344,22.82160758972168,20116000.0
2014-07-01,24.78499984741211,25.454999923706055,23.18000030517578,23.350000381469727,21.495948791503906,25710000.0
2014-07-29,,,,,,
2014-08-01,23.229999542236328,24.81999969482422,23.19499969482422,24.540000915527344,22.66145896911621,15967600.0
2014-09-01,24.645000457763672,25.225000381469727,23.520000457763672,23.639999389648438,21.830350875854492,20912400.0
2014-10-01,23.575000762939453,26.729999542236328,22.299999237060547,26.674999237060547,24.63302230834961,29809200.0
2014-10-29,,,,,,
2014-11-01,26.674999237060547,27.55500030517578,26.125,26.96500015258789,24.972013473510742,13818600.0
2014-12-01,26.899999618530273,28.579999923706055,26.334999084472656,28.204999923706055,26.120363235473633,17803200.0
2015-01-01,28.309999465942383,30.1200008392334,26.7450008392334,29.704999923706055,27.509498596191406,25628400.0
2015-02-01,29.725000381469727,31.915000915527344,29.520000457763672,31.514999389648438,29.185714721679688,18547800.0
2015-02-04,,,,,,
2015-03-01,31.584999084472656,32.994998931884766,31.0049991607666,32.83000183105469,30.498693466186523,21930600.0
2015-04-01,32.79999923706055,33.540000915527344,31.764999389648438,31.950000762939453,29.68118667602539,22958800.0
2015-04-28,,,,,,
2015-05-01,32.125,35.875,32.10499954223633,35.689998626708984,33.251216888427734,19689600.0
2015-06-01,35.85499954223633,37.20000076293945,35.025001525878906,35.9900016784668,33.53071212768555,20219800.0
2015-07-01,36.34000015258789,38.71500015258789,32.255001068115234,35.90999984741211,33.45618438720703,39255600.0
2015-07-29,,,,,,
2015-08-01,35.88999938964844,36.36000061035156,25.045000076293945,32.255001068115234,30.132184982299805,32122000.0
2015-09-01,31.350000381469727,35.60499954223633,31.05500030517578,32.595001220703125,30.449811935424805,33073800.0
2015-10-01,32.69499969482422,38.75,32.1150016784668,38.40999984741211,35.88210678100586,44100800.0
2015-10-28,,,,,,
2015-11-01,38.3849983215332,40.57500076293945,37.67499923706055,39.880001068115234,37.351524353027344,27330400.0
2015-12-01,40.060001373291016,40.525001525878906,37.625,38.30500030517578,35.87637710571289,24632000.0
2016-01-01,37.73500061035156,38.16999816894531,30.149999618530273,34.92499923706055,32.71067810058594,53616600.0
2016-02-01,34.71500015258789,36.415000915527344,30.635000228881836,35.189998626708984,32.95886993408203,30938000.0
2016-02-03,,,,,,
2016-03-01,35.619998931884766,38.709999084472656,35.220001220703125,38.154998779296875,35.862125396728516,25432400.0
2016-04-01,37.90999984741211,41.14500045776367,37.61000061035156,38.61000061035156,36.28977966308594,25164200.0
2016-04-27,,,,,,
2016-05-01,38.8849983215332,41.959999084472656,37.73500061035156,41.150001525878906,38.793487548828125,35002400.0
2016-06-01,41.150001525878906,44.05500030517578,40.505001068115234,44.05500030517578,41.5321159362793,32530400.0
2016-07-01,44.05500030517578,47.35499954223633,42.875,46.44499969482422,43.78525924682617,25700600.0
2016-07-27,,,,,,
2016-08-01,46.3650016784668,48.564998626708984,45.8849983215332,48.2400016784668,45.594215393066406,19369200.0
2016-09-01,48.20500183105469,49.70000076293945,44.625,49.39500045776367,46.68587112426758,22308600.0
2016-09-19,,,,,,
2016-10-01,49.314998626708984,51.4900016784668,44.43000030517578,45.16999816894531,42.692588806152344,31056500.0
2016-10-06,,,,,,
2016-10-27,,,,,,
2016-11-01,45.16999816894531,49.2599983215332,43.65999984741211,48.630001068115234,46.08466720581055,25201700.0
2016-12-01,48.75,51.119998931884766,47.13999938964844,47.349998474121094,44.87166213989258,23513200.0
2017-01-01,47.70000076293945,49.849998474121094,46.900001525878906,48.75,46.198387145996094,19543600.0
2017-01-27,,,,,,
2017-02-01,48.66999816894531,51.2599983215332,46.439998626708984,50.36000061035156,47.86138916015625,20257500.0
2017-03-01,50.959999084472656,52.560001373291016,49.189998626708984,51.15999984741211,48.62171173095703,16725400.0
2017-04-01,51.25,54.63999938964844,49.47999954223633,53.880001068115234,51.206748962402344,18317400.0
2017-04-26,,,,,,
2017-05-01,54.02000045776367,55.40999984741211,52.900001525878906,54.869998931884766,52.286376953125,18929700.0
2017-06-01,55.150001525878906,57.58000183105469,54.72999954223633,56.33000183105469,53.67763137817383,17000700.0
2017-07-01,56.63999938964844,57.970001220703125,53.310001373291016,53.54999923706055,51.02853012084961,52099100.0
2017-07-27,,,,,,
2017-08-01,53.79999923706055,55.790000915527344,53.22999954223633,55.689998626708984,53.205223083496094,18992500.0
2017-09-01,55.869998931884766,59.720001220703125,55.16999816894531,59.43000030517578,56.778350830078125,13458400.0
2017-10-01,59.65999984741211,62.15999984741211,58.209999084472656,59.20000076293945,56.55860900878906,18679200.0
2017-10-30,,,,,,
2017-11-01,59.689998626708984,63.70000076293945,58.27000045776367,63.41999816894531,60.73298263549805,19124000.0
2017-12-01,63.52000045776367,63.65999984741211,60.029998779296875,61.279998779296875,58.68365478515625,12964600.0
2018-01-01,61.45000076293945,68.38999938964844,61.040000915527344,66.77999877929688,63.950626373291016,22554200.0
2018-01-30,,,,,,
2018-02-01,66.98999786376953,68.12000274658203,58.709999084472656,64.19000244140625,61.63639831542969,22266300.0
2018-03-01,64.19000244140625,66.8499984741211,60.72999954223633,63.59000015258789,61.06026840209961,18847500.0
2018-04-01,63.45000076293945,66.20999908447266,60.63999938964844,61.349998474121094,58.90937805175781,24278400.0
2018-04-27,,,,,,
2018-05-01,61.25,64.77999877929688,59.77000045776367,63.06999969482422,60.73545455932617,17624600.0
2018-06-01,63.380001068115234,65.56999969482422,57.77000045776367,59.150001525878906,56.96055221557617,31709000.0
2018-07-01,58.63999938964844,61.439998626708984,56.29999923706055,59.529998779296875,57.32649230957031,33412400.0
2018-07-30,,,,,,
2018-08-01,59.34000015258789,59.7400016784668,56.650001525878906,58.08000183105469,56.1009407043457,23193200.0
2018-09-01,57.63999938964844,61.08000183105469,53.209999084472656,53.369998931884766,51.551429748535156,29936200.0
2018-10-01,53.779998779296875,54.709999084472656,40.34000015258789,45.529998779296875,43.97857666015625,65618900.0
2018-10-30,,,,,,
2018-11-01,45.86000061035156,48.91999816894531,44.63999938964844,47.380001068115234,46.004920959472656,39413300.0
2018-12-01,48.380001068115234,49.290000915527344,41.0099983215332,42.70000076293945,41.460750579833984,38643200.0
2019-01-01,42.209999084472656,48.70000076293945,41.61000061035156,47.86000061035156,46.47099304199219,42647600.0
2019-01-30,,,,,,
2019-02-01,48.0,53.959999084472656,47.63999938964844,51.93000030517578,50.65571975708008,29098300.0
2019-03-01,52.54999923706055,53.56999969482422,50.2599983215332,53.31999969482422,52.01161575317383,28161600.0
2019-04-01,53.849998474121094,56.65999984741211,52.2599983215332,52.56999969482422,51.28002166748047,22715000.0
2019-04-29,,,,,,
2019-05-01,52.43000030517578,53.720001220703125,40.380001068115234,40.5,39.66226577758789,60896600.0
2019-06-01,40.88999938964844,47.310001373291016,40.68000030517578,47.15999984741211,46.18450927734375,37274900.0
2019-07-01,48.0,48.0099983215332,41.0099983215332,45.45000076293945,44.5098762512207,45762700.0
2019-07-30,,,,,,
2019-08-01,45.45000076293945,47.36000061035156,42.540000915527344,46.52000045776367,45.787620544433594,39833200.0
2019-09-01,46.119998931884766,51.939998626708984,45.31999969482422,47.709999084472656,46.95888900756836,26393100.0
2019-10-01,48.099998474121094,52.029998779296875,44.11000061035156,49.68000030517578,48.89787292480469,33012200.0
2019-10-30,,,,,,
2019-11-01,50.18000030517578,52.61000061035156,47.77000045776367,48.400001525878906,47.87139892578125,21533200.0
2019-12-01,48.5,48.68000030517578,44.900001525878906,47.63999938964844,47.11970138549805,30826400.0
2020-01-01,47.90999984741211,48.59000015258789,42.290000915527344,42.689998626708984,42.223758697509766,44080000.0
2020-01-30,,,,,,
2020-02-01,43.06999969482422,44.70000076293945,38.7599983215332,39.54999923706055,39.33108901977539,37552100.0
2020-03-01,39.72999954223633,42.86000061035156,33.810001373291016,37.810001373291016,37.6007194519043,70800800.0
2020-04-01,36.810001373291016,44.18000030517578,35.18000030517578,42.380001068115234,42.145423889160156,36138700.0
2020-04-29,,,,,,
2020-05-01,41.939998626708984,47.7400016784668,38.5099983215332,47.5,47.5,34371100.0
2020-06-01,47.5099983215332,52.70000076293945,43.880001068115234,47.119998931884766,47.119998931884766,28779100.0
2020-07-01,47.36000061035156,53.13999938964844,46.16999816894531,52.2400016784668,52.2400016784668,17353400.0
2020-07-29,52.4900016784668,53.720001220703125,52.4900016784668,53.29999923706055,53.29999923706055,962176.0
